[
  {
    "title": "Divorcio",
    "date": "21/07/2023",
    "description": "Después de años de conflictos, mi pareja y yo decidimos iniciar el proceso de divorcio. La decisión fue tomada tras varias sesiones de terapia de pareja y discusiones sobre nuestras diferencias irreconciliables. Presentamos la solicitud de divorcio en el tribunal el 21 de julio de 2023. Estamos en el proceso de dividir los bienes y acordar un plan de custodia para nuestros hijos."
  },
  {
    "title": "Violencia Familiar",
    "date": "17/04/2024",
    "description": "Desde hace varios meses, he estado sufriendo violencia verbal y emocional por parte de mi pareja. El 17 de abril de 2024, la situación escaló cuando me insultó y amenazó durante una discusión. Me siento insegura y he comenzado a buscar ayuda profesional y asistencia legal. He documentado los incidentes y estoy considerando solicitar una orden de protección."
  },
  {
    "title": "Robo de bicicleta",
    "date": "02/02/2024",
    "description": "El 2 de febrero de 2024, dejé mi bicicleta asegurada en el parque local. Cuando regresé, descubrí que la bicicleta había sido robada. La bicicleta estaba asegurada con un candado de alta seguridad, pero parece que el ladrón fue capaz de cortar el candado. He presentado un informe de robo a la policía y estoy esperando su respuesta mientras reviso las cámaras de seguridad del parque."
  }
]
